MASCULINOS,FEMININOS
José,Maria
João,Ana
Antônio,Aparecida
Francisco,Francisca
Carlos,Antônia
Luiz,Terezinha
Paulo,Maria Aparecida
Pedro,Luzia
Roberto,Rita
Jorge,Neusa
Sérgio,Vera
Raimundo,Sônia
Mário,Regina
Marcos,Sandra
Manoel,Fátima
Raimundo Nonato,Marlene
Sebastião,Sueli
Luís,Conceição
Fernando,Cleusa
Gilberto,Eliane
Geraldo,Janete
Ricardo,Lúcia
Valdir,Margarida
Almir,Elizabeth
Fábio,Vilma
Oswaldo,Irene
Arnaldo,Inês
Ivan,Valéria
Wilson,Maria José
Celso,Isabel
Cláudio,Célia
Humberto,Regina Célia
Vicente,Helena
Silvio,Lourdes
Alexandre,Cristina
Otávio,Nilza
Moacir,Marta
Maurício,Olga
Raimundo,Hilda
Benedito,Helena Maria
Elias,Cláudia
Jairo,Amélia
Álvaro,Solange
José Carlos,Teresa
Washington,Adélia
Orlando,Celina
Ernesto,Érica
Alfredo,Ivete
Donizete,Jacira
Roberto Carlos,Telma
Ivo,Marta Regina
Lauro,Arlete
Domingos,Elza
Agenor,Ivone
Josias,Miriam
Emílio,Carmelita
Ruben,Sonia Regina
Lázaro,Selma
José Luiz,Paula
Ademar,Lídia
Aparecido,Odete
Toninho,Sonia Maria
Miguel,Glória
Adalberto,Célia Regina
Aluísio,Angelina
Ronaldo,Aurélia
Anselmo,Odília
Euclides,Roseli
Edson,Elizete
Paulo Sérgio,Nazaré
Décio,Natalina
Jerônimo,Ângela
Alcir,Maria Lúcia
José Roberto,Raquel
Flávio,Leila
Amadeu,Carmen
Arlindo,Adriana
Gilmar,Zélia
Nivaldo,Neuza
Antônio Carlos,Simone
Sidney,Olga Maria
César,Ivana
Hermínio,Dirce
Plínio,Diana
Newton,Carmelita Maria
Francisco Carlos,Ilma
Caio,Marisa
Cícero,Cida
Rubens,Alice
Gilson,Rosângela
Adão,Diana Aparecida
Juvenal,Eleonora
Ramiro,Norma
Raul,Valéria Regina
Elias José,Eliane Maria
Osvaldo,Neuza Maria
Elias Antônio,Lourdes Maria
Dorival,Márcia
Tarcísio,Elisa
Francisco José,Adelaide
José,Maria
Carlos,Ana
Antonio,Claudia
João,Sandra
Paulo,Patricia
Luiz,Adriana
Francisco,Fernanda
Roberto,Simone
Marcos,Cristina
Marcelo,Daniela
Jorge,Marcia
Fernando,Rosana
Sérgio,Luciana
Pedro,Carla
Edson,Alessandra
Ricardo,Sheila
André,Juliana
Alexandre,Eliane
Márcio,Regina
Mauro,Sônia
Fábio,Fátima
Raimundo,Andreia
Silvio,Tânia
Eduardo,Michele
Rogério,Lilian
Wilson,Elaine
Adilson,Silvia
Alberto,Rita
Renato,Ivone
Celso,Rosângela
Gilberto,Vanessa
Arnaldo,Débora
Nelson,Helena
Ivan,Joana
Cláudio,Angela
Elias,Fabiana
Ailton,Leila
Samuel,Rosa
Jefferson,Ivete
Hamilton,Suzana
Augusto,Vera
Célio,Aline
Jair,Beatriz
Sandro,Kátia
Adriano,Isabel
Renato,Carolina
Washington,Margarida
Gerson,Rafaela
Jairo,Márcia
Alfredo,Lúcia
Francisco,Edna
Tiago,Miriam
Hélio,Viviane
Vicente,Gláucia
Antônio,Rosa Maria
Gilson,Márcia Regina
Milton,Jaqueline
Osmar,Dayse
Wagner,Zilda
Valdir,Teresa
Tarcísio,Lourdes
Rubens,Leda
Washington,Maria Aparecida
Ademir,Ana Paula
Benedito,Maria Helena
Luiz Carlos,Vânia
Luciano,Heloísa
Sebastião,Raquel
Osvaldo,Nádia
Clóvis,Miriam Regina
Geraldo,Aparecida
Alfredo,Lídia
Elias,Lúcia Helena
Arnaldo,Teresinha
Ronaldo,Isabela
Euclides,Denise
Ivanildo,Célia
Rômulo,Marina
Teodoro,Natália
Ivon,Daniela Cristina
Américo,Vera Lúcia
Noé,Lia
Everaldo,Zuleide
Clodoaldo,Camila
Eurípedes,Maria José
Abelardo,Elisa
Amilton,Larissa
Eurico,Dalva
Miguel,Luiza
Ivanir,Sueli
Izaias,Eulália
Norberto,Adélia
José Carlos,Maristela
Dimas,Sílvia Helena
Júlio,Neide
Augusto,Inês
Honório,Cleusa
Aníbal,Neusa
Reinaldo,Regina Célia
Heraldo,Benedita
Marcelo,Ana
Fábio,Maria
André,Juliana
Rodrigo,Patricia
Rafael,Aline
Bruno,Fernanda
Leandro,Adriana
Alexandre,Camila
Ricardo,Vanessa
Paulo,Carla
Carlos,Luciana
Daniel,Renata
Thiago,Daniela
Marcos,Simone
Fernando,Andreia
Eduardo,Mariana
Luiz,Cristiane
José,Tatiane
Robson,Alessandra
Márcio,Flávia
Roberto,Michele
Jorge,Cláudia
Antonio,Márcia
Adriano,Raquel
Luciano,Priscila
Patrick,Letícia
João,Elisangela
Francisco,Gabriela
Vagner,Kátia
Diego,Sandra
Emerson,Fabiana
Rogério,Viviane
Denis,Fátima
Murilo,Débora
Reginaldo,Paula
Sérgio,Elaine
Gustavo,Regina
Wallace,Tânia
Josué,Sílvia
Rafael Henrique,Rafaela
Fabrício,Solange
Willian,Sheila
Gabriel,Bianca
Cássio,Vera
Renato,Soraia
Cristian,Lilian
Jean,Michele Cristina
Wellington,Roberta
Caio,Cristina
Diogo,Joana
Lúcio,Bruna
Leonardo,Mônica
Victor,Rosa
Augusto,Claudia Regina
Ivan,Helena
Vinícius,Michele Adriana
Rogério,Paula Regina
Silvio,Daiane
Alisson,Angela
Jorge Luiz,Marta
Matheus,Sabrina
Raul,Carina
Jeferson,Elaine Cristina
Washington,Edna
Alexandre Luiz,Cíntia
Cristiano,Janaina
Nilson,Thaís
Pedro,Ivone
Arnaldo,Lívia
Elias,Rita de Cássia
Samuel,Keila
Márcio André,Laís
Evandro,Isabel
Alan,Francisca
Claudio,Jacqueline
Oswaldo,Heloísa
Douglas,Lúcia
Eduardo Augusto,Sônia
Alessandro,Larissa
Rafael dos Santos,Alessandra Regina
Anderson,Nilza
Márcio José,Edilaine
Sandro,Eliana
Arnaldo César,Luana
Igor,Suzana
Cristian dos Santos,Estefânia
Júlio César,Mariane
Guilherme,Clara
Augusto Henrique,Ana Paula
Luan,Karina
Kleber,Angela Maria
Paulo Henrique,Kelly
Miguel,Regina Célia
Marcos Vinícius,Rosa Maria
Heitor,Sueli
Vitor,Inês
Éderson,Patrícia Regina
Edmilson,Marcela
Marcel,Anelise
Flávio,Eliane Cristina
Gabriel,Juliana
Lucas,Aline
Matheus,Ana Carolina
Felipe,Amanda
Bruno,Jéssica
Thiago,Mariana
Gustavo,Bruna
Rafael,Camila
João,Letícia
Leonardo,Gabriela
Vinícius,Bianca
André,Larissa
Daniel,Natália
Rodrigo,Fernanda
Diego,Rafaela
Guilherme,Vanessa
Eduardo,Patrícia
Marcelo,Ana Paula
Alexandre,Caroline
Igor,Thais
Pedro,Tatiane
Carlos,Beatriz
Victor,Ingrid
Fernando,Andressa
José,Priscila
Murilo,Carolina
Antonio,Raquel
Fábio,Michele
Vitor,Renata
Caio,Cláudia
Marcos,Sabrina
Henrique,Luana
Wellington,Tamires
Leandro,Adriana
Adriano,Nicole
Alan,Viviane
Douglas,Daniele
Luan,Fabiana
Samuel,Kátia
Willian,Marcela
Everton,Daiane
Patrick,Paula
Cristian,Simone
Emerson,Kelly
Lucas Gabriel,Luciana
Rafael Henrique,Érica
Jorge,Silvia
Roberto,Rosângela
Sérgio,Geovana
Álvaro,Veronica
Jeferson,Suelen
Claudio,Cíntia
Rafael dos Santos,Jaqueline
Artur,Débora
Álvaro,Michele Cristina
César,Alice
Fabrício,Carla
Jonathan,Angela
Alexandre Luiz,Rosana
Cristian dos Santos,Edilene
Paulo Henrique,Helena
Roberto Carlos,Sara
Luciano,Dayane
Marcos Vinícius,Eliane
Wallace,Mônica
Bruno Henrique,Ana Beatriz
Luís Henrique,Daniela
Luiz Carlos,Regina
Vinícius,Sheila
Jonathan,Lídia
Evandro,Naiara
Wesley,Alessandra
Nicolas,Joyce
Francisco,Rejane
Matheus Henrique,Fabíola
Luiz Fernando,Lia
Augusto,Maria Eduarda
Diogo,Cristina
Tiago,Jucélia
Ricardo,Tânia
Erick,Sueli
Michel,Verônica
Claudemir,Yasmim
Henrique,Soraia
Davi,Claudiane
Ezequiel,Rúbia
Rodrigo Santos,Heloísa
Maicon,Isabela
Cristian Alexandre,Manuela
Wallace,Maiara
Gilberto,Sílvia
Márcio,Célia
Hélio,Rita
Ricardo Alexandre,Anelise
Álvaro Henrique,Samara
Maurício,Denise
Edmilson,Ana Cláudia
Moisés,Bárbara
Cristiano,Edna
Luiz Antônio,Milena
Gabriel,Maria Eduarda
Lucas,Ana Clara
Matheus,Júlia
João Pedro,Beatriz
Guilherme,Mariana
Pedro,Vitória
Gustavo,Larissa
Rafael,Rafaela
Felipe,Letícia
Bruno,Bruna
Thiago,Gabriela
Daniel,Camila
Vinícius,Amanda
Leonardo,Luana
Rodrigo,Ana Luiza
Eduardo,Sara
Nicolas,Natália
Arthur,Yasmin
Henrique,Bianca
Victor,Maria Clara
Samuel,Isabela
Diego,Nicole
João Victor,Raquel
André,Sofia
Luiz Felipe,Heloísa
Caio,Mariana
Nathan,Júlia Maria
Ícaro,Isabelle
João,Tainá
Carlos Eduardo,Jéssica
Luan,Ingrid
Murilo,Giovana
Fernando,Emily
Thiago Henrique,Débora
Igor,Caroline
Emanuel,Mayara
Pablo,Alana
Renan,Ana Júlia
Erick,Thaís
Matheus Henrique,Priscila
Kauã,Renata
Ricardo,Maria Luiza
Otávio,Micaela
Caue,Vitória Régia
Bryan,Eduarda
Alex,Lara
Lucas Gabriel,Isadora
Juan,Rafaella
José,Lais
Alexandre,Kamily
Fabrício,Manuela
Jean,Caroline
Wellington,Marina
Josué,Stephanie
Ruan,Marcela
Eduardo Henrique,Ana Beatriz
Davi,Estefani
Augusto,Gabrielly
Marcelo,Mirella
Wesley,Nathalia
Vitor Hugo,Tamires
Enzo,Isabella
Cristian,Alessandra
Alan,Thaynara
Thiago Silva,Luiza
Francisco,Aline
Raul,Rebeca
Patrick,Ana Sofia
Breno,Sheila
Miguel,Rafaela Maria
Emerson,Ana Vitória
João Gabriel,Giovanna
Antony,Keila
Rodrigo dos Santos,Sabrina
Douglas,Ana Carolina
Gustavo Henrique,Cecília
William,Luísa
Jorge,Alice
Jeferson,Isadora
Luiz Gustavo,Milena
Lucas Vinícius,Lídia
Marcos Vinícius,Brunna
Kleber,Laís
Heitor,Caroline Vitória
Luciano,Talita
Thiago Gabriel,Evellyn
Rafael Augusto,Dandara
Antony Gabriel,Gabriella
Luiz Henrique,Emanuelle
Ismael,Mirela
Rodrigo Silva,Mayra
Pedro Henrique,Ana Paula
Felipe Augusto,Luana Vitória
Rafael dos Santos,Fernanda
Alexandre Henrique,Lara Beatriz
Josias,Tainara
Cristian Henrique,Valentina
Giovani,Ana Elisa
Paulo,Kelly
Maicon,Lívia